1,Hondo Ohnaka
2,Dok-Ondar
3,Maz Kanata
4,Quay Tolsite
5,Ziro the Hutt
6,Lando Calrissian
7,Dryden Vos
8,Nix Card
9,Rinnrivin Di
10,Fathier Dealer
11,Unkar Plutt
12,Teedo
13,Oga Garra
14,Gwarm
15,Bargwill Tomder
16,Ohn Gos
17,Big Sturg Ganna
18,Rikard Lovas
19,Taneetch Soonta
20,Naraka
21,Vizago
22,Hondo Ohnaka
23,Dok-Ondar
24,Maz Kanata
25,Quay Tolsite
26,Ziro the Hutt
27,Lando Calrissian
28,Dryden Vos
29,Nix Card
30,Rinnrivin Di
31,Fathier Dealer
32,Unkar Plutt
33,Teedo
34,Oga Garra
35,Gwarm
36,Bargwill Tomder
37,Ohn Gos
38,Big Sturg Ganna
39,Rikard Lovas
40,Taneetch Soonta
41,Naraka
42,Vizago
43,Hondo Ohnaka
44,Dok-Ondar
45,Maz Kanata
46,Quay Tolsite
47,Ziro the Hutt
48,Lando Calrissian
49,Dryden Vos
50,Nix Card
51,Rinnrivin Di
52,Fathier Dealer
53,Unkar Plutt
54,Teedo
55,Oga Garra
56,Gwarm
57,Bargwill Tomder
58,Ohn Gos
59,Big Sturg Ganna
60,Rikard Lovas
61,Taneetch Soonta
62,Naraka
63,Vizago
64,Hondo Ohnaka
65,Dok-Ondar
66,Maz Kanata
67,Quay Tolsite
68,Ziro the Hutt
69,Lando Calrissian
70,Dryden Vos
71,Nix Card
72,Rinnrivin Di
73,Fathier Dealer
74,Unkar Plutt
75,Teedo
76,Oga Garra
77,Gwarm
78,Bargwill Tomder
79,Ohn Gos
80,Big Sturg Ganna
81,Rikard Lovas
82,Taneetch Soonta
83,Naraka
84,Vizago
85,Hondo Ohnaka
86,Dok-Ondar
87,Maz Kanata
88,Quay Tolsite
89,Ziro the Hutt
90,Lando Calrissian
91,Dryden Vos
92,Nix Card
93,Rinnrivin Di
94,Fathier Dealer
95,Unkar Plutt
96,Teedo
97,Oga Garra
98,Gwarm
99,Bargwill Tomder
100,Ohn Gos
101,Big Sturg Ganna
102,Rikard Lovas
103,Taneetch Soonta
104,Naraka
105,Vizago
106,Hondo Ohnaka
107,Dok-Ondar
108,Maz Kanata
109,Quay Tolsite
110,Ziro the Hutt
111,Lando Calrissian
112,Dryden Vos
113,Nix Card
114,Rinnrivin Di
115,Fathier Dealer
116,Unkar Plutt
117,Teedo
118,Oga Garra
119,Gwarm
120,Bargwill Tomder
121,Ohn Gos
122,Big Sturg Ganna
123,Rikard Lovas
124,Taneetch Soonta
125,Naraka
126,Vizago
127,Hondo Ohnaka
128,Dok-Ondar
129,Maz Kanata
130,Quay Tolsite
131,Ziro the Hutt
132,Lando Calrissian
133,Dryden Vos
134,Nix Card
135,Rinnrivin Di
136,Fathier Dealer
137,Unkar Plutt
138,Teedo
139,Oga Garra
140,Gwarm
141,Bargwill Tomder
142,Ohn Gos
143,Big Sturg Ganna
144,Rikard Lovas
145,Taneetch Soonta
146,Naraka
147,Vizago
148,Hondo Ohnaka
149,Dok-Ondar
150,Maz Kanata
151,Quay Tolsite
152,Ziro the Hutt
153,Lando Calrissian
154,Dryden Vos
155,Nix Card
156,Rinnrivin Di
157,Fathier Dealer
158,Unkar Plutt
159,Teedo
160,Oga Garra
161,Gwarm
162,Bargwill Tomder
163,Ohn Gos
164,Big Sturg Ganna
165,Rikard Lovas
166,Taneetch Soonta
167,Naraka
168,Vizago
169,Hondo Ohnaka
170,Dok-Ondar
171,Maz Kanata
172,Quay Tolsite
173,Ziro the Hutt
174,Lando Calrissian
175,Dryden Vos
176,Nix Card
177,Rinnrivin Di
178,Fathier Dealer
179,Unkar Plutt
180,Teedo
181,Oga Garra
182,Gwarm
183,Bargwill Tomder
184,Ohn Gos
185,Big Sturg Ganna
186,Rikard Lovas
187,Taneetch Soonta
188,Naraka
189,Vizago
190,Hondo Ohnaka
191,Dok-Ondar
192,Maz Kanata
193,Quay Tolsite
194,Ziro the Hutt
195,Lando Calrissian
196,Dryden Vos
197,Nix Card
198,Rinnrivin Di
199,Fathier Dealer
200,Unkar Plutt
201,Teedo
202,Oga Garra
203,Gwarm
204,Bargwill Tomder
205,Ohn Gos
206,Big Sturg Ganna
207,Rikard Lovas
208,Taneetch Soonta
209,Naraka
210,Hondo Ohnaka
211,Dok-Ondar
212,Maz Kanata
213,Quay Tolsite
214,Ziro the Hutt
215,Lando Calrissian
216,Dryden Vos
217,Nix Card
218,Rinnrivin Di
219,Fathier Dealer
220,Unkar Plutt
221,Teedo
222,Oga Garra
223,Gwarm
224,Bargwill Tomder
225,Ohn Gos
226,Big Sturg Ganna
227,Rikard Lovas
228,Taneetch Soonta
229,Naraka
230,Vizago
231,Hondo Ohnaka
232,Dok-Ondar
233,Maz Kanata
234,Quay Tolsite
235,Ziro the Hutt
236,Lando Calrissian
237,Dryden Vos
238,Nix Card
239,Rinnrivin Di
240,Fathier Dealer
241,Unkar Plutt
242,Teedo
243,Oga Garra
244,Gwarm
245,Bargwill Tomder
246,Ohn Gos
247,Big Sturg Ganna
248,Rikard Lovas
249,Taneetch Soonta
250,Naraka
251,Vizago
252,Hondo Ohnaka
253,Dok-Ondar
254,Maz Kanata
255,Quay Tolsite
256,Ziro the Hutt
257,Lando Calrissian
258,Dryden Vos
259,Nix Card
260,Rinnrivin Di
261,Fathier Dealer
262,Unkar Plutt
263,Teedo
264,Oga Garra
265,Gwarm
266,Bargwill Tomder
267,Ohn Gos
268,Big Sturg Ganna
269,Rikard Lovas
270,Taneetch Soonta
271,Naraka
272,Vizago
273,Hondo Ohnaka
274,Dok-Ondar
275,Maz Kanata
276,Quay Tolsite
277,Ziro the Hutt
278,Lando Calrissian
279,Dryden Vos
280,Nix Card
281,Rinnrivin Di
282,Fathier Dealer
283,Unkar Plutt
284,Teedo
285,Oga Garra
286,Gwarm
287,Bargwill Tomder
288,Ohn Gos
289,Big Sturg Ganna
290,Rikard Lovas
291,Taneetch Soonta
292,Naraka
293,Vizago
294,Hondo Ohnaka
295,Dok-Ondar
296,Maz Kanata
297,Quay Tolsite
298,Ziro the Hutt
299,Lando Calrissian
300,Dryden Vos
301,Nix Card
302,Rinnrivin Di
303,Fathier Dealer
304,Unkar Plutt
305,Teedo
306,Oga Garra
307,Gwarm
308,Bargwill Tomder
309,Ohn Gos
310,Big Sturg Ganna
311,Rikard Lovas
312,Taneetch Soonta
313,Naraka
314,Hondo Ohnaka
315,Dok-Ondar
316,Maz Kanata
317,Quay Tolsite
318,Ziro the Hutt
319,Lando Calrissian
320,Dryden Vos
321,Nix Card
322,Rinnrivin Di
323,Fathier Dealer
324,Unkar Plutt
325,Teedo
326,Oga Garra
327,Gwarm
328,Bargwill Tomder
329,Ohn Gos
330,Big Sturg Ganna
331,Rikard Lovas
332,Taneetch Soonta
333,Naraka
334,Vizago
335,Hondo Ohnaka
336,Dok-Ondar
337,Maz Kanata
338,Quay Tolsite
339,Ziro the Hutt
340,Lando Calrissian
341,Dryden Vos
342,Nix Card
343,Rinnrivin Di
344,Fathier Dealer
345,Unkar Plutt
346,Teedo
347,Oga Garra
348,Gwarm
349,Bargwill Tomder
350,Ohn Gos
351,Big Sturg Ganna
352,Rikard Lovas
353,Taneetch Soonta
354,Naraka
355,Vizago
356,Hondo Ohnaka
357,Dok-Ondar
358,Maz Kanata
359,Quay Tolsite
360,Ziro the Hutt
361,Lando Calrissian
362,Dryden Vos
363,Nix Card
364,Rinnrivin Di
365,Fathier Dealer
366,Unkar Plutt
367,Teedo
368,Oga Garra
369,Gwarm
370,Bargwill Tomder
371,Ohn Gos
372,Big Sturg Ganna
373,Rikard Lovas
374,Taneetch Soonta
375,Naraka
376,Vizago
377,Hondo Ohnaka
378,Dok-Ondar
379,Maz Kanata
380,Quay Tolsite
381,Ziro the Hutt
382,Lando Calrissian
383,Dryden Vos
384,Nix Card
385,Rinnrivin Di
386,Fathier Dealer
387,Unkar Plutt
388,Teedo
389,Oga Garra
390,Gwarm
391,Bargwill Tomder
392,Ohn Gos
393,Big Sturg Ganna
394,Rikard Lovas
395,Taneetch Soonta
396,Naraka
397,Vizago
398,Hondo Ohnaka
399,Dok-Ondar
400,Maz Kanata
401,Quay Tolsite
402,Ziro the Hutt
403,Lando Calrissian
404,Dryden Vos
405,Nix Card
406,Rinnrivin Di
407,Fathier Dealer
408,Unkar Plutt
409,Teedo
410,Oga Garra
411,Gwarm
412,Bargwill Tomder
413,Ohn Gos
414,Big Sturg Ganna
415,Rikard Lovas
416,Taneetch Soonta
417,Naraka
418,Hondo Ohnaka
419,Dok-Ondar
420,Maz Kanata
421,Quay Tolsite
422,Ziro the Hutt
423,Lando Calrissian
424,Dryden Vos
425,Nix Card
426,Rinnrivin Di
427,Fathier Dealer
428,Unkar Plutt
429,Teedo
430,Oga Garra
431,Gwarm
432,Bargwill Tomder
433,Ohn Gos
434,Big Sturg Ganna
435,Rikard Lovas
436,Taneetch Soonta
437,Naraka
438,Vizago
439,Hondo Ohnaka
440,Dok-Ondar
441,Maz Kanata
442,Quay Tolsite
443,Ziro the Hutt
444,Lando Calrissian
445,Dryden Vos
446,Nix Card
447,Rinnrivin Di
448,Fathier Dealer
449,Unkar Plutt
450,Teedo
451,Oga Garra
452,Gwarm
453,Bargwill Tomder
454,Ohn Gos
455,Big Sturg Ganna
456,Rikard Lovas
457,Taneetch Soonta
458,Naraka
459,Vizago
460,Hondo Ohnaka
461,Dok-Ondar
462,Maz Kanata
463,Quay Tolsite
464,Ziro the Hutt
465,Lando Calrissian
466,Dryden Vos
467,Nix Card
468,Rinnrivin Di
469,Fathier Dealer
470,Unkar Plutt
471,Teedo
472,Oga Garra
473,Gwarm
474,Bargwill Tomder
475,Ohn Gos
476,Big Sturg Ganna
477,Rikard Lovas
478,Taneetch Soonta
479,Naraka
480,Vizago
481,Hondo Ohnaka
482,Dok-Ondar
483,Maz Kanata
484,Quay Tolsite
485,Ziro the Hutt
486,Lando Calrissian
487,Dryden Vos
488,Nix Card
489,Rinnrivin Di
490,Fathier Dealer
491,Unkar Plutt
492,Teedo
493,Oga Garra
494,Gwarm
495,Bargwill Tomder
496,Ohn Gos
497,Big Sturg Ganna
498,Rikard Lovas
499,Taneetch Soonta
500,Naraka
501,Vizago
502,Hondo Ohnaka
503,Dok-Ondar
504,Maz Kanata
505,Quay Tolsite
506,Ziro the Hutt
507,Lando Calrissian
508,Dryden Vos
509,Nix Card
510,Rinnrivin Di
511,Fathier Dealer
512,Unkar Plutt
513,Teedo
514,Oga Garra
515,Gwarm
516,Bargwill Tomder
517,Ohn Gos
518,Big Sturg Ganna
519,Rikard Lovas
520,Taneetch Soonta
521,Naraka
522,Vizago
523,Hondo Ohnaka
524,Dok-Ondar
525,Maz Kanata
526,Quay Tolsite
527,Ziro the Hutt
528,Lando Calrissian
529,Dryden Vos
530,Nix Card
531,Rinnrivin Di
532,Fathier Dealer
533,Unkar Plutt
534,Teedo
535,Oga Garra
536,Gwarm
537,Bargwill Tomder
538,Ohn Gos
539,Big Sturg Ganna
540,Rikard Lovas
541,Taneetch Soonta
542,Naraka
543,Vizago
544,Hondo Ohnaka
545,Dok-Ondar
546,Maz Kanata
547,Quay Tolsite
548,Ziro the Hutt
549,Lando Calrissian
550,Dryden Vos
551,Nix Card
552,Rinnrivin Di
553,Fathier Dealer
554,Unkar Plutt
555,Teedo
556,Oga Garra
557,Gwarm
558,Bargwill Tomder
559,Ohn Gos
560,Big Sturg Ganna
561,Rikard Lovas
562,Taneetch Soonta
563,Naraka
564,Vizago
565,Hondo Ohnaka
566,Dok-Ondar
567,Maz Kanata
568,Quay Tolsite
569,Ziro the Hutt
570,Lando Calrissian
571,Dryden Vos
572,Nix Card
573,Rinnrivin Di
574,Fathier Dealer
575,Unkar Plutt
576,Teedo
577,Oga Garra
578,Gwarm
579,Bargwill Tomder
580,Ohn Gos
581,Big Sturg Ganna
582,Rikard Lovas
583,Taneetch Soonta
584,Naraka
585,Vizago
586,Hondo Ohnaka
587,Dok-Ondar
588,Maz Kanata
589,Quay Tolsite
590,Ziro the Hutt
591,Lando Calrissian
592,Dryden Vos
593,Nix Card
594,Rinnrivin Di
595,Fathier Dealer
596,Unkar Plutt
597,Teedo
598,Oga Garra
599,Gwarm
600,Bargwill Tomder
601,Ohn Gos
602,Big Sturg Ganna
603,Rikard Lovas
604,Taneetch Soonta
605,Naraka
606,Vizago
607,Hondo Ohnaka
608,Dok-Ondar
609,Maz Kanata
610,Quay Tolsite
611,Ziro the Hutt
612,Lando Calrissian
613,Dryden Vos
614,Nix Card
615,Rinnrivin Di
616,Fathier Dealer
617,Unkar Plutt
618,Teedo
619,Oga Garra
620,Gwarm
621,Bargwill Tomder
622,Ohn Gos
623,Big Sturg Ganna
624,Rikard Lovas
625,Taneetch Soonta
626,Naraka
627,Vizago
628,Hondo Ohnaka
629,Dok-Ondar
630,Maz Kanata
631,Quay Tolsite
632,Ziro the Hutt
633,Lando Calrissian
634,Dryden Vos
635,Nix Card
636,Rinnrivin Di
637,Fathier Dealer
638,Unkar Plutt
639,Teedo
640,Oga Garra
641,Gwarm
642,Bargwill Tomder
643,Ohn Gos
644,Big Sturg Ganna
645,Rikard Lovas
646,Taneetch Soonta
647,Naraka
648,Vizago
649,Hondo Ohnaka
650,Dok-Ondar
651,Maz Kanata
652,Quay Tolsite
653,Ziro the Hutt
654,Lando Calrissian
655,Dryden Vos
656,Nix Card
657,Rinnrivin Di
658,Fathier Dealer
659,Unkar Plutt
660,Teedo
661,Oga Garra
662,Gwarm
663,Bargwill Tomder
664,Ohn Gos
665,Big Sturg Ganna
666,Rikard Lovas
667,Taneetch Soonta
668,Naraka
669,Vizago
670,Hondo Ohnaka
671,Dok-Ondar
672,Maz Kanata
673,Quay Tolsite
674,Ziro the Hutt
675,Lando Calrissian
676,Dryden Vos
677,Nix Card
678,Rinnrivin Di
679,Fathier Dealer
680,Unkar Plutt
681,Teedo
682,Oga Garra
683,Gwarm
684,Bargwill Tomder
685,Ohn Gos
686,Big Sturg Ganna
687,Rikard Lovas
688,Taneetch Soonta
689,Naraka
690,Vizago
691,Hondo Ohnaka
692,Dok-Ondar
693,Maz Kanata
694,Quay Tolsite
695,Ziro the Hutt
696,Lando Calrissian
697,Dryden Vos
698,Nix Card
699,Rinnrivin Di
700,Fathier Dealer
701,Unkar Plutt
702,Teedo
703,Oga Garra
704,Gwarm
705,Bargwill Tomder
706,Ohn Gos
707,Big Sturg Ganna
708,Rikard Lovas
709,Taneetch Soonta
710,Naraka
711,Vizago
712,Hondo Ohnaka
713,Dok-Ondar
714,Maz Kanata
715,Quay Tolsite
716,Ziro the Hutt
717,Lando Calrissian
718,Dryden Vos
719,Nix Card
720,Rinnrivin Di
721,Fathier Dealer
722,Unkar Plutt
723,Teedo
724,Oga Garra
725,Gwarm
726,Bargwill Tomder
727,Ohn Gos
728,Big Sturg Ganna
729,Rikard Lovas
730,Taneetch Soonta
731,Naraka
732,Hondo Ohnaka
733,Dok-Ondar
734,Maz Kanata
735,Quay Tolsite
736,Ziro the Hutt
737,Lando Calrissian
738,Dryden Vos
739,Nix Card
740,Rinnrivin Di
741,Fathier Dealer
742,Unkar Plutt
743,Teedo
744,Oga Garra
745,Gwarm
746,Bargwill Tomder
747,Ohn Gos
748,Big Sturg Ganna
749,Rikard Lovas
750,Taneetch Soonta
751,Naraka
752,Vizago
753,Hondo Ohnaka
754,Dok-Ondar
755,Maz Kanata
756,Quay Tolsite
757,Ziro the Hutt
758,Lando Calrissian
759,Dryden Vos
760,Nix Card
761,Rinnrivin Di
762,Fathier Dealer
763,Unkar Plutt
764,Teedo
765,Oga Garra
766,Gwarm
767,Bargwill Tomder
768,Ohn Gos
769,Big Sturg Ganna
770,Rikard Lovas
771,Taneetch Soonta
772,Naraka
773,Vizago
774,Hondo Ohnaka
775,Dok-Ondar
776,Maz Kanata
777,Quay Tolsite
778,Ziro the Hutt
779,Lando Calrissian
780,Dryden Vos
781,Nix Card
782,Rinnrivin Di
783,Fathier Dealer
784,Unkar Plutt
785,Teedo
786,Oga Garra
787,Gwarm
788,Bargwill Tomder
789,Ohn Gos
790,Big Sturg Ganna
791,Rikard Lovas
792,Taneetch Soonta
793,Naraka
794,Vizago
795,Hondo Ohnaka
796,Dok-Ondar
797,Maz Kanata
798,Quay Tolsite
799,Ziro the Hutt
800,Lando Calrissian
801,Dryden Vos
802,Nix Card
803,Rinnrivin Di
804,Fathier Dealer
805,Unkar Plutt
806,Teedo
807,Oga Garra
808,Gwarm
809,Bargwill Tomder
810,Ohn Gos
811,Big Sturg Ganna
812,Rikard Lovas
813,Taneetch Soonta
814,Naraka
815,Vizago
816,Hondo Ohnaka
817,Dok-Ondar
818,Maz Kanata
819,Quay Tolsite
820,Ziro the Hutt
821,Lando Calrissian
822,Dryden Vos
823,Nix Card
824,Rinnrivin Di
825,Fathier Dealer
826,Unkar Plutt
827,Teedo
828,Oga Garra
829,Gwarm
830,Bargwill Tomder
831,Ohn Gos
832,Big Sturg Ganna
833,Rikard Lovas
834,Taneetch Soonta
835,Naraka
836,Hondo Ohnaka
837,Dok-Ondar
838,Maz Kanata
839,Quay Tolsite
840,Ziro the Hutt
841,Lando Calrissian
842,Dryden Vos
843,Nix Card
844,Rinnrivin Di
845,Fathier Dealer
846,Unkar Plutt
847,Teedo
848,Oga Garra
849,Gwarm
850,Bargwill Tomder
851,Ohn Gos
852,Big Sturg Ganna
853,Rikard Lovas
854,Taneetch Soonta
855,Naraka
856,Vizago
857,Hondo Ohnaka
858,Dok-Ondar
859,Maz Kanata
860,Quay Tolsite
861,Ziro the Hutt
862,Lando Calrissian
863,Dryden Vos
864,Nix Card
865,Rinnrivin Di
866,Fathier Dealer
867,Unkar Plutt
868,Teedo
869,Oga Garra
870,Gwarm
871,Bargwill Tomder
872,Ohn Gos
873,Big Sturg Ganna
874,Rikard Lovas
875,Taneetch Soonta
876,Naraka
877,Vizago
878,Hondo Ohnaka
879,Dok-Ondar
880,Maz Kanata
881,Quay Tolsite
882,Ziro the Hutt
883,Lando Calrissian
884,Dryden Vos
885,Nix Card
886,Rinnrivin Di
887,Fathier Dealer
888,Unkar Plutt
889,Teedo
890,Oga Garra
891,Gwarm
892,Bargwill Tomder
893,Ohn Gos
894,Big Sturg Ganna
895,Rikard Lovas
896,Taneetch Soonta
897,Naraka
898,Vizago
899,Hondo Ohnaka
900,Dok-Ondar
901,Maz Kanata
902,Quay Tolsite
903,Ziro the Hutt
904,Lando Calrissian
905,Dryden Vos
906,Nix Card
907,Rinnrivin Di
908,Fathier Dealer
909,Unkar Plutt
910,Teedo
911,Oga Garra
912,Gwarm
913,Bargwill Tomder
914,Ohn Gos
915,Big Sturg Ganna
916,Rikard Lovas
917,Taneetch Soonta
918,Naraka
919,Vizago
920,Hondo Ohnaka
921,Dok-Ondar
922,Maz Kanata
923,Quay Tolsite
924,Ziro the Hutt
925,Lando Calrissian
926,Dryden Vos
927,Nix Card
928,Rinnrivin Di
929,Fathier Dealer
930,Unkar Plutt
931,Teedo
932,Oga Garra
933,Gwarm
934,Bargwill Tomder
935,Ohn Gos
936,Big Sturg Ganna
937,Rikard Lovas
938,Taneetch Soonta
939,Naraka
940,Hondo Ohnaka
941,Dok-Ondar
942,Maz Kanata
943,Quay Tolsite
944,Ziro the Hutt
945,Lando Calrissian
946,Dryden Vos
947,Nix Card
948,Rinnrivin Di
949,Fathier Dealer
950,Unkar Plutt
951,Teedo
952,Oga Garra
953,Gwarm
954,Bargwill Tomder
955,Ohn Gos
956,Big Sturg Ganna
957,Rikard Lovas
958,Taneetch Soonta
959,Naraka
960,Vizago
961,Hondo Ohnaka
962,Dok-Ondar
963,Maz Kanata
964,Quay Tolsite
965,Ziro the Hutt
966,Lando Calrissian
967,Dryden Vos
968,Nix Card
969,Rinnrivin Di
970,Fathier Dealer
971,Unkar Plutt
972,Teedo
973,Oga Garra
974,Gwarm
975,Bargwill Tomder
976,Ohn Gos
977,Big Sturg Ganna
978,Rikard Lovas
979,Taneetch Soonta
980,Naraka
981,Vizago
982,Hondo Ohnaka
983,Dok-Ondar
984,Maz Kanata
985,Quay Tolsite
986,Ziro the Hutt
987,Lando Calrissian
988,Dryden Vos
989,Nix Card
990,Rinnrivin Di
991,Fathier Dealer
992,Unkar Plutt
993,Teedo
994,Oga Garra
995,Gwarm
996,Bargwill Tomder
997,Ohn Gos
998,Big Sturg Ganna
999,Rikard Lovas
1000,Taneetch Soonta
