1,Certificate of Spacecraft Payload Solar Eruption Analysis-RPN1 (R),1/5/4511
2,Certificate of Spacecraft Payload Solar Magnetic Field Study-RPN2 (R),1/16/4511
3,Certificate of Spacecraft Payload Solar Corona Observation-RPN3 (R),1/27/4511
4,Certificate of Spacecraft Payload Solar Wind Interaction Study-RPN4 (R),2/7/4511
5,Certificate of Spacecraft Payload Solar Particle Investigation-RPN5 (R),2/18/4511
6,Certificate of Spacecraft Payload Solar Radiation Monitoring-RPN6 (R),3/1/4511
7,Certificate of Spacecraft Payload Solar Activity Forecasting-RPN7 (R),3/12/4511
8,Certificate of Spacecraft Payload Solar Probe Mission Participation-RPN8 (R),3/23/4511
9,Certificate of Spacecraft Payload Solar Observatory Operation-RPN9 (R),4/3/4511
10,Certificate of Spacecraft Payload Solar Satellite Deployment-RPN10 (R),4/14/4511
11,Certificate of Spacecraft Payload Space Weather Prediction-RPN11 (R),4/25/4511
12,Certificate of Spacecraft Payload Space Weather Monitoring-RPN12 (R),5/6/4511
13,Certificate of Spacecraft Payload Space Weather Research-RPN13 (R),5/17/4511
14,Certificate of Spacecraft Payload Space Weather Modeling-RPN14 (R),5/28/4511
15,Certificate of Spacecraft Payload Solar System Exploration-RPN15 (R),6/8/4511
16,Certificate of Spacecraft Payload Planetary Geology Analysis-RPN16 (R),6/19/4511
17,Certificate of Spacecraft Payload Planetary Atmosphere Study-RPN17 (R),6/30/4511
18,Certificate of Spacecraft Payload Planetary Magnetosphere Investigation-RPN18 (R),7/11/4511
19,Certificate of Spacecraft Payload Planetary Surface Imaging-RPN19 (R),7/22/4511
20,Certificate of Spacecraft Payload Planetary Rover Operation-RPN20 (R),8/2/4511
21,Certificate of Spacecraft Payload Planetary Sample Collection-RPN21 (R),8/13/4511
22,Certificate of Spacecraft Payload Planetary Orbiter Mission Participation-RPN22 (R),8/24/4511
23,Certificate of Spacecraft Payload Planetary Lander Mission Participation-RPN23 (R),9/4/4511
24,Certificate of Spacecraft Payload Planetary Impact Analysis-RPN24 (R),9/15/4511
25,Certificate of Spacecraft Payload Planetary Crater Study-RPN25 (R),9/26/4511
26,Certificate of Spacecraft Payload Planetary Volcanology Research-RPN26 (R),10/7/4511
27,Certificate of Spacecraft Payload Planetary Climate Modeling-RPN27 (R),10/18/4511
28,Certificate of Spacecraft Payload Planetary Ice Cap Observation-RPN28 (R),10/29/4511
29,Certificate of Spacecraft Payload Planetary Oceanography Study-RPN29 (R),11/9/4511
30,Certificate of Spacecraft Payload Planetary Tectonics Investigation-RPN30 (R),11/12/4511
31,Certificate of Spacecraft Payload Planetary Biosphere Exploration-RPN31 (R),12/1/4511
32,Certificate of Spacecraft Payload Planetary Habitat Assessment-RPN32 (R),12/12/4511
33,Certificate of Spacecraft Payload Planetary Resource Mapping-RPN33 (R),12/23/4511
34,Certificate of Spacecraft Payload Planetary Colony Planning-RPN34 (R),1/3/4512
35,Certificate of Spacecraft Payload Planetary Settlement Design-RPN35 (R),1/14/4512
36,Certificate of Spacecraft Payload Planetary Sustainability Study-RPN36 (R),1/25/4512
37,Certificate of Spacecraft Payload Planetary Environmental Impact Assessment-RPN37 (R),2/5/4512
38,Certificate of Spacecraft Payload Planetary Colonization Strategy-RPN38 (R),2/16/4512
39,Certificate of Spacecraft Payload Planetary Governance Planning-RPN39 (R),2/27/4512
40,Certificate of Spacecraft Payload Planetary Diplomacy Development-RPN40 (R),3/9/4512
41,Certificate of Spacecraft Payload Planetary Economics Analysis-RPN41 (R),3/11/4512
42,Certificate of Spacecraft Payload Planetary Infrastructure Engineering-RPN42 (R),3/31/4512
43,Certificate of Spacecraft Payload Planetary Transportation System Design-RPN43 (R),4/11/4512
44,Certificate of Spacecraft Payload Planetary Mining Operation-RPN44 (R),4/22/4512
45,Certificate of Spacecraft Payload Planetary Agriculture Research-RPN45 (R),5/3/4512
46,Certificate of Spacecraft Payload Planetary Water Extraction Study-RPN46 (R),5/14/4512
47,Certificate of Spacecraft Payload Planetary Energy Production-RPN47 (R),5/25/4512
48,Certificate of Spacecraft Payload Planetary Waste Management-RPN48 (R),6/5/4512
49,Certificate of Spacecraft Payload Planetary Health Monitoring-RPN49 (R),6/16/4512
