1,Ion-Engine-L1-RPN1 (R),352
2,Booster Engines-L1-RPN2 (R),687
3,FTL Engines-L1-RPN3 (R),1040
4,Thrusters-L1-RPN4 (R),1388
5,Hyper Drive-L1-RPN5 (R),370
6,Warp Drive-L1-RPN6 (R),695
7,Flux Capacitor-L1-RPN7 (R),1040
8,Kyber Capacitor (Black Market)-L1-RPN8 (R),1406
9,Nav Computer-L1-RPN9 (R),578
10,Landing Gear-L1-RPN10 (R),1134
11,Artificial Gravity Generators-L1-RPN11 (R),1690
12,Cloaking Device (Black Market)-L1-RPN12 (R),2244
13,Shield Generators-L1-RPN13 (R),578
14,Field Generators-L1-RPN14 (R),1157
15,WaveFront Generators-L1-RPN15 (R),1712
16,Deflector Screens-L1-RPN16 (R),2291
17,Backup Power Generators-L1-RPN17 (R),1157
18,Ion Blasters-L1-RPN18 (R),2268
19,Propulsion Blasters-L1-RPN19 (R),3401
20,Heat Blasters-L1-RPN20 (R),4558
21,Radiation Guns-L1-RPN21 (R),1179
22,Fuel Cells-L1-RPN22 (R),2152
23,Tanks-L1-RPN23 (R),3239
24,Escape Pods-L1-RPN24 (R),4351
25,Life Support Systems-L1-RPN25 (R),601
26,Medical Utilities for Humans-L1-RPN26 (R),609
27,Medical utilities for non-Humans-L1-RPN27 (R),615
28,Ion-Engine-L1-RPN28 (R),622
29,Booster Engines-L1-RPN29 (R),875
30,FTL Engines-L1-RPN30 (R),892
31,Thrusters-L1-RPN31 (R),909
32,Hyper Drive-L1-RPN32 (R),958
33,Warp Drive-L1-RPN33 (R),1422
34,Flux Capacitor-L1-RPN34 (R),1438
35,Kyber Capacitor (Black Market)-L1-RPN35 (R),1455
36,Nav Computer-L1-RPN36 (R),1470
37,Landing Gear-L1-RPN37 (R),1719
38,Artificial Gravity Generators-L1-RPN38 (R),1735
39,Cloaking Device (Black Market)-L1-RPN39 (R),1752
40,Shield Generators-L1-RPN40 (R),1769
41,Field Generators-L1-RPN41 (R),1140
42,WaveFront Generators-L1-RPN42 (R),1157
43,Deflector Screens-L1-RPN43 (R),1173
44,Backup Power Generators-L1-RPN44 (R),1191
45,Ion Blasters-L1-RPN45 (R),1703
46,Propulsion Blasters-L1-RPN46 (R),1735
47,Heat Blasters-L1-RPN47 (R),1786
48,Radiation Guns-L1-RPN48 (R),1852
49,Fuel Cells-L1-RPN49 (R),1719
50,Tanks-L1-RPN50 (R),1735
51,Escape Pods-L1-RPN51 (R),1752
52,Life Support Systems-L1-RPN52 (R),1769
53,Medical Utilities for Humans-L1-RPN53 (R),2512
54,Medical utilities for non-Humans-L1-RPN54 (R),2578
55,Ion-Engine-L1-RPN55 (R),2644
56,Booster Engines-L1-RPN56 (R),2777
57,FTL Engines-L1-RPN57 (R),2544
58,Thrusters-L1-RPN58 (R),2562
59,Hyper Drive-L1-RPN59 (R),2578
60,Warp Drive-L1-RPN60 (R),2595
61,Flux Capacitor-L1-RPN61 (R),3356
62,Kyber Capacitor (Black Market)-L1-RPN62 (R),3422
63,Nav Computer-L1-RPN63 (R),3487
64,Landing Gear-L1-RPN64 (R),3620
65,Artificial Gravity Generators-L1-RPN65 (R),2265
66,Cloaking Device (Black Market)-L1-RPN66 (R),2281
67,Shield Generators-L1-RPN67 (R),2297
68,Field Generators-L1-RPN68 (R),2313
69,WaveFront Generators-L1-RPN69 (R),3339
70,Deflector Screens-L1-RPN70 (R),3404
71,Backup Power Generators-L1-RPN71 (R),3537
72,Ion Blasters-L1-RPN72 (R),3703
73,Propulsion Blasters-L1-RPN73 (R),542
74,Heat Blasters-L1-RPN74 (R),549
75,Radiation Guns-L1-RPN75 (R),556
76,Fuel Cells-L1-RPN76 (R),562
77,Tanks-L1-RPN77 (R),809
78,Escape Pods-L1-RPN78 (R),826
79,Life Support Systems-L1-RPN79 (R),843
80,Medical Utilities for Humans-L1-RPN80 (R),909
81,Medical utilities for non-Humans-L1-RPN81 (R),1339
82,Ion-Engine-L1-RPN82 (R),1356
83,Booster Engines-L1-RPN83 (R),1372
84,FTL Engines-L1-RPN84 (R),1388
85,Thrusters-L1-RPN85 (R),1636
86,Hyper Drive-L1-RPN86 (R),1653
87,Warp Drive-L1-RPN87 (R),1669
88,Flux Capacitor-L1-RPN88 (R),1687
89,Kyber Capacitor (Black Market)-L1-RPN89 (R),1074
90,Nav Computer-L1-RPN90 (R),1091
91,Landing Gear-L1-RPN91 (R),1107
92,Artificial Gravity Generators-L1-RPN92 (R),1125
93,Cloaking Device (Black Market)-L1-RPN93 (R),1603
94,Shield Generators-L1-RPN94 (R),1636
95,Field Generators-L1-RPN95 (R),1687
96,WaveFront Generators-L1-RPN96 (R),1752
97,Deflector Screens-L1-RPN97 (R),1603
98,Backup Power Generators-L1-RPN98 (R),1621
99,Ion Blasters-L1-RPN99 (R),1636
100,Propulsion Blasters-L1-RPN100 (R),1653
101,Heat Blasters-L1-RPN101 (R),2396
102,Radiation Guns-L1-RPN102 (R),2462
103,Fuel Cells-L1-RPN103 (R),2529
104,Tanks-L1-RPN104 (R),2661
105,Escape Pods-L1-RPN105 (R),2413
106,Life Support Systems-L1-RPN106 (R),2430
107,Medical Utilities for Humans-L1-RPN107 (R),2446
108,Medical utilities for non-Humans-L1-RPN108 (R),2462
109,Ion-Engine-L1-RPN109 (R),3239
110,Booster Engines-L1-RPN110 (R),3305
111,FTL Engines-L1-RPN111 (R),3372
112,Thrusters-L1-RPN112 (R),3504
113,Hyper Drive-L1-RPN113 (R),2148
114,Warp Drive-L1-RPN114 (R),2165
115,Flux Capacitor-L1-RPN115 (R),2181
116,Kyber Capacitor (Black Market)-L1-RPN116 (R),2199
117,Nav Computer-L1-RPN117 (R),3207
118,Landing Gear-L1-RPN118 (R),3273
119,Artificial Gravity Generators-L1-RPN119 (R),3404
120,Cloaking Device (Black Market)-L1-RPN120 (R),3570
121,Shield Generators-L1-RPN121 (R),202
122,Field Generators-L1-RPN122 (R),202
123,WaveFront Generators-L1-RPN123 (R),202
124,Deflector Screens-L1-RPN124 (R),238
125,Backup Power Generators-L1-RPN125 (R),392
126,Ion Blasters-L1-RPN126 (R),392
127,Propulsion Blasters-L1-RPN127 (R),392
128,Heat Blasters-L1-RPN128 (R),462
129,Radiation Guns-L1-RPN129 (R),580
130,Fuel Cells-L1-RPN130 (R),580
131,Tanks-L1-RPN131 (R),580
132,Escape Pods-L1-RPN132 (R),680
133,Life Support Systems-L1-RPN133 (R),768
134,Medical Utilities for Humans-L1-RPN134 (R),768
135,Medical utilities for non-Humans-L1-RPN135 (R),768
136,Ion-Engine-L1-RPN136 (R),901
137,Booster Engines-L1-RPN137 (R),122
138,FTL Engines-L1-RPN138 (R),122
139,Thrusters-L1-RPN139 (R),122
140,Hyper Drive-L1-RPN140 (R),122
141,Warp Drive-L1-RPN141 (R),122
142,Flux Capacitor-L1-RPN142 (R),122
143,Kyber Capacitor (Black Market)-L1-RPN143 (R),122
144,Nav Computer-L1-RPN144 (R),122
145,Landing Gear-L1-RPN145 (R),122
146,Artificial Gravity Generators-L1-RPN146 (R),122
147,Cloaking Device (Black Market)-L1-RPN147 (R),122
148,Shield Generators-L1-RPN148 (R),131
149,Field Generators-L1-RPN149 (R),131
150,WaveFront Generators-L1-RPN150 (R),252
151,Deflector Screens-L1-RPN151 (R),252
152,Backup Power Generators-L1-RPN152 (R),252
153,Ion Blasters-L1-RPN153 (R),252
154,Propulsion Blasters-L1-RPN154 (R),252
155,Heat Blasters-L1-RPN155 (R),252
156,Radiation Guns-L1-RPN156 (R),252
157,Fuel Cells-L1-RPN157 (R),252
158,Tanks-L1-RPN158 (R),252
159,Escape Pods-L1-RPN159 (R),252
160,Life Support Systems-L1-RPN160 (R),252
161,Medical Utilities for Humans-L1-RPN161 (R),261
162,Medical utilities for non-Humans-L1-RPN162 (R),261
163,Ion-Engine-L1-RPN163 (R),352
164,Booster Engines-L1-RPN164 (R),352
165,FTL Engines-L1-RPN165 (R),352
166,Thrusters-L1-RPN166 (R),352
167,Hyper Drive-L1-RPN167 (R),352
168,Warp Drive-L1-RPN168 (R),352
169,Flux Capacitor-L1-RPN169 (R),352
170,Kyber Capacitor (Black Market)-L1-RPN170 (R),352
171,Nav Computer-L1-RPN171 (R),352
172,Landing Gear-L1-RPN172 (R),352
173,Artificial Gravity Generators-L1-RPN173 (R),352
174,Cloaking Device (Black Market)-L1-RPN174 (R),373
175,Shield Generators-L1-RPN175 (R),373
176,Field Generators-L1-RPN176 (R),483
177,WaveFront Generators-L1-RPN177 (R),483
178,Deflector Screens-L1-RPN178 (R),483
179,Backup Power Generators-L1-RPN179 (R),483
180,Ion Blasters-L1-RPN180 (R),483
181,Propulsion Blasters-L1-RPN181 (R),483
182,Heat Blasters-L1-RPN182 (R),483
183,Radiation Guns-L1-RPN183 (R),483
184,Fuel Cells-L1-RPN184 (R),483
185,Tanks-L1-RPN185 (R),483
186,Escape Pods-L1-RPN186 (R),483
187,Life Support Systems-L1-RPN187 (R),492
188,Medical Utilities for Humans-L1-RPN188 (R),492
189,Medical utilities for non-Humans-L1-RPN189 (R),243
190,Ion-Engine-L1-RPN190 (R),243
191,Booster Engines-L1-RPN191 (R),243
192,FTL Engines-L1-RPN192 (R),256
193,Thrusters-L1-RPN193 (R),243
194,Hyper Drive-L1-RPN194 (R),243
195,Warp Drive-L1-RPN195 (R),256
196,Flux Capacitor-L1-RPN196 (R),243
197,Kyber Capacitor (Black Market)-L1-RPN197 (R),256
198,Nav Computer-L1-RPN198 (R),243
199,Landing Gear-L1-RPN199 (R),256
200,Artificial Gravity Generators-L1-RPN200 (R),256
201,Cloaking Device (Black Market)-L1-RPN201 (R),256
202,Shield Generators-L1-RPN202 (R),256
203,Field Generators-L1-RPN203 (R),506
204,WaveFront Generators-L1-RPN204 (R),506
205,Deflector Screens-L1-RPN205 (R),506
206,Backup Power Generators-L1-RPN206 (R),525
207,Ion Blasters-L1-RPN207 (R),506
208,Propulsion Blasters-L1-RPN208 (R),506
209,Heat Blasters-L1-RPN209 (R),525
210,Radiation Guns-L1-RPN210 (R),506
211,Fuel Cells-L1-RPN211 (R),525
212,Tanks-L1-RPN212 (R),506
213,Escape Pods-L1-RPN213 (R),525
214,Life Support Systems-L1-RPN214 (R),525
215,Medical Utilities for Humans-L1-RPN215 (R),525
216,Medical utilities for non-Humans-L1-RPN216 (R),525
217,Ion-Engine-L1-RPN217 (R),1039
218,Booster Engines-L1-RPN218 (R),1039
219,FTL Engines-L1-RPN219 (R),1039
220,Thrusters-L1-RPN220 (R),1039
221,Hyper Drive-L1-RPN221 (R),1039
222,Warp Drive-L1-RPN222 (R),985
223,Flux Capacitor-L1-RPN223 (R),985
224,Kyber Capacitor (Black Market)-L1-RPN224 (R),985
225,Nav Computer-L1-RPN225 (R),985
226,Landing Gear-L1-RPN226 (R),985
227,Artificial Gravity Generators-L1-RPN227 (R),985
228,Cloaking Device (Black Market)-L1-RPN228 (R),985
229,Shield Generators-L1-RPN229 (R),1039
230,Field Generators-L1-RPN230 (R),1039
231,WaveFront Generators-L1-RPN231 (R),85
232,Deflector Screens-L1-RPN232 (R),85
233,Backup Power Generators-L1-RPN233 (R),85
234,Ion Blasters-L1-RPN234 (R),85
235,Propulsion Blasters-L1-RPN235 (R),85
236,Heat Blasters-L1-RPN236 (R),73
237,Radiation Guns-L1-RPN237 (R),73
238,Fuel Cells-L1-RPN238 (R),73
239,Tanks-L1-RPN239 (R),73
240,Escape Pods-L1-RPN240 (R),73
241,Life Support Systems-L1-RPN241 (R),73
242,Medical Utilities for Humans-L1-RPN242 (R),85
243,Medical utilities for non-Humans-L1-RPN243 (R),85
244,Ion-Engine-L1-RPN1 (R),167
245,Booster Engines-L1-RPN2 (R),167
246,FTL Engines-L1-RPN3 (R),167
247,Thrusters-L1-RPN4 (R),167
248,Hyper Drive-L1-RPN5 (R),167
249,Warp Drive-L1-RPN6 (R),141
250,Flux Capacitor-L1-RPN7 (R),141
251,Kyber Capacitor (Black Market)-L1-RPN8 (R),141
252,Nav Computer-L1-RPN9 (R),141
253,Landing Gear-L1-RPN10 (R),141
254,Artificial Gravity Generators-L1-RPN11 (R),141
255,Cloaking Device (Black Market)-L1-RPN12 (R),167
256,Shield Generators-L1-RPN13 (R),167
257,Field Generators-L1-RPN14 (R),251
258,WaveFront Generators-L1-RPN15 (R),251
259,Deflector Screens-L1-RPN16 (R),251
260,Backup Power Generators-L1-RPN17 (R),251
261,Ion Blasters-L1-RPN18 (R),251
262,Propulsion Blasters-L1-RPN19 (R),209
263,Heat Blasters-L1-RPN20 (R),209
264,Radiation Guns-L1-RPN21 (R),209
265,Fuel Cells-L1-RPN22 (R),209
266,Tanks-L1-RPN23 (R),223
267,Escape Pods-L1-RPN24 (R),223
268,Life Support Systems-L1-RPN25 (R),251
269,Medical Utilities for Humans-L1-RPN26 (R),264
270,Medical utilities for non-Humans-L1-RPN27 (R),321
271,Ion-Engine-L1-RPN28 (R),321
272,Booster Engines-L1-RPN29 (R),321
273,FTL Engines-L1-RPN30 (R),321
274,Thrusters-L1-RPN31 (R),321
275,Hyper Drive-L1-RPN32 (R),276
276,Warp Drive-L1-RPN33 (R),276
277,Flux Capacitor-L1-RPN34 (R),276
278,Kyber Capacitor (Black Market)-L1-RPN35 (R),276
279,Nav Computer-L1-RPN36 (R),303
280,Landing Gear-L1-RPN37 (R),303
281,Artificial Gravity Generators-L1-RPN38 (R),321
282,Cloaking Device (Black Market)-L1-RPN39 (R),339
283,Shield Generators-L1-RPN40 (R),99
284,Field Generators-L1-RPN41 (R),109
285,WaveFront Generators-L1-RPN42 (R),99
286,Deflector Screens-L1-RPN43 (R),109
287,Backup Power Generators-L1-RPN44 (R),192
288,Ion Blasters-L1-RPN45 (R),1413
289,Propulsion Blasters-L1-RPN46 (R),1413
290,Heat Blasters-L1-RPN47 (R),1413
291,Radiation Guns-L1-RPN48 (R),1413
292,Fuel Cells-L1-RPN49 (R),1413
293,Tanks-L1-RPN50 (R),1413
294,Escape Pods-L1-RPN51 (R),1413
295,Life Support Systems-L1-RPN52 (R),1413
296,Medical Utilities for Humans-L1-RPN53 (R),1322
297,Medical utilities for non-Humans-L1-RPN54 (R),1322
298,Ion-Engine-L1-RPN55 (R),1322
299,Booster Engines-L1-RPN56 (R),1322
300,FTL Engines-L1-RPN57 (R),1322
301,Thrusters-L1-RPN58 (R),1322
302,Hyper Drive-L1-RPN59 (R),1322
303,Warp Drive-L1-RPN60 (R),1322
304,Flux Capacitor-L1-RPN61 (R),1322
305,Kyber Capacitor (Black Market)-L1-RPN62 (R),1322
306,Nav Computer-L1-RPN63 (R),1633
307,Landing Gear-L1-RPN64 (R),1633
308,Artificial Gravity Generators-L1-RPN65 (R),1609
309,Cloaking Device (Black Market)-L1-RPN66 (R),1609
310,Shield Generators-L1-RPN67 (R),2318
311,Field Generators-L1-RPN68 (R),2366
312,WaveFront Generators-L1-RPN69 (R),2366
313,Deflector Screens-L1-RPN70 (R),2366
314,Backup Power Generators-L1-RPN71 (R),2366
315,Ion Blasters-L1-RPN72 (R),2039
316,Propulsion Blasters-L1-RPN73 (R),2039
317,Heat Blasters-L1-RPN74 (R),2039
318,Radiation Guns-L1-RPN75 (R),2039
319,Fuel Cells-L1-RPN76 (R),2039
320,Tanks-L1-RPN77 (R),2437
321,Escape Pods-L1-RPN78 (R),2086
322,Life Support Systems-L1-RPN79 (R),2129
323,Medical Utilities for Humans-L1-RPN80 (R),4661
324,Medical utilities for non-Humans-L1-RPN81 (R),4661
325,Ion-Engine-L1-RPN82 (R),4661
326,Booster Engines-L1-RPN83 (R),4661
327,FTL Engines-L1-RPN84 (R),4378
328,Thrusters-L1-RPN85 (R),4378
329,Hyper Drive-L1-RPN86 (R),4378
330,Warp Drive-L1-RPN87 (R),4378
331,Flux Capacitor-L1-RPN88 (R),5052
332,Kyber Capacitor (Black Market)-L1-RPN89 (R),5158
333,Nav Computer-L1-RPN90 (R),5158
334,Landing Gear-L1-RPN91 (R),4751
335,Artificial Gravity Generators-L1-RPN92 (R),4851
336,Cloaking Device (Black Market)-L1-RPN93 (R),4851
337,Shield Generators-L1-RPN94 (R),7486
338,Field Generators-L1-RPN95 (R),7643
339,WaveFront Generators-L1-RPN96 (R),7300
340,Deflector Screens-L1-RPN97 (R),7454
341,Backup Power Generators-L1-RPN98 (R),9471
342,Ion Blasters-L1-RPN99 (R),9471
343,Propulsion Blasters-L1-RPN100 (R),9471
344,Heat Blasters-L1-RPN101 (R),9275
345,Radiation Guns-L1-RPN102 (R),28505
346,Fuel Cells-L1-RPN103 (R),28505
347,Tanks-L1-RPN104 (R),28505
348,Escape Pods-L1-RPN105 (R),28505
349,Life Support Systems-L1-RPN106 (R),28181
350,Medical Utilities for Humans-L1-RPN107 (R),187
351,Medical utilities for non-Humans-L1-RPN108 (R),187
352,Ion-Engine-L1-RPN109 (R),187
353,Booster Engines-L1-RPN110 (R),374
354,FTL Engines-L1-RPN111 (R),374
355,Thrusters-L1-RPN112 (R),374
356,Hyper Drive-L1-RPN113 (R),5726
357,Warp Drive-L1-RPN114 (R),5726
358,Flux Capacitor-L1-RPN115 (R),5726
359,Kyber Capacitor (Black Market)-L1-RPN116 (R),5726
360,Nav Computer-L1-RPN117 (R),12582
361,Landing Gear-L1-RPN118 (R),12582
362,Artificial Gravity Generators-L1-RPN119 (R),13529
363,Cloaking Device (Black Market)-L1-RPN120 (R),13529
364,Shield Generators-L1-RPN121 (R),9858
365,Field Generators-L1-RPN122 (R),9858
366,WaveFront Generators-L1-RPN123 (R),10989
367,Deflector Screens-L1-RPN124 (R),10989
368,Backup Power Generators-L1-RPN125 (R),5726
369,Ion Blasters-L1-RPN126 (R),5726
370,Propulsion Blasters-L1-RPN127 (R),5726
371,Heat Blasters-L1-RPN128 (R),5726
372,Radiation Guns-L1-RPN129 (R),415
373,Fuel Cells-L1-RPN130 (R),415
374,Tanks-L1-RPN131 (R),415
375,Escape Pods-L1-RPN132 (R),1154
376,Life Support Systems-L1-RPN133 (R),1154
377,Medical Utilities for Humans-L1-RPN134 (R),1154
378,Medical utilities for non-Humans-L1-RPN135 (R),1039
379,Ion-Engine-L1-RPN136 (R),1039
380,Booster Engines-L1-RPN137 (R),1039
381,FTL Engines-L1-RPN138 (R),415
382,Thrusters-L1-RPN139 (R),415
383,Hyper Drive-L1-RPN140 (R),415
384,Warp Drive-L1-RPN141 (R),415
385,Flux Capacitor-L1-RPN142 (R),415
386,Kyber Capacitor (Black Market)-L1-RPN143 (R),947
387,Nav Computer-L1-RPN144 (R),947
388,Landing Gear-L1-RPN145 (R),947
389,Artificial Gravity Generators-L1-RPN146 (R),2032
390,Cloaking Device (Black Market)-L1-RPN147 (R),2032
391,Shield Generators-L1-RPN148 (R),2032
392,Field Generators-L1-RPN149 (R),762
393,WaveFront Generators-L1-RPN150 (R),762
394,Deflector Screens-L1-RPN151 (R),762
395,Backup Power Generators-L1-RPN152 (R),1039
396,Ion Blasters-L1-RPN153 (R),1247
397,Propulsion Blasters-L1-RPN154 (R),1363
398,Heat Blasters-L1-RPN155 (R),1662
399,Radiation Guns-L1-RPN156 (R),1761
400,Fuel Cells-L1-RPN157 (R),1761
401,Tanks-L1-RPN158 (R),1761
402,Escape Pods-L1-RPN159 (R),1761
403,Life Support Systems-L1-RPN160 (R),1761
404,Medical Utilities for Humans-L1-RPN161 (R),1761
405,Medical utilities for non-Humans-L1-RPN162 (R),1761
406,Ion-Engine-L1-RPN163 (R),1761
407,Booster Engines-L1-RPN164 (R),1761
408,FTL Engines-L1-RPN165 (R),1666
409,Thrusters-L1-RPN166 (R),1666
410,Hyper Drive-L1-RPN167 (R),1666
411,Warp Drive-L1-RPN168 (R),1666
412,Flux Capacitor-L1-RPN169 (R),1666
413,Kyber Capacitor (Black Market)-L1-RPN170 (R),1666
414,Nav Computer-L1-RPN171 (R),1666
415,Landing Gear-L1-RPN172 (R),1666
416,Artificial Gravity Generators-L1-RPN173 (R),1666
417,Cloaking Device (Black Market)-L1-RPN174 (R),1666
418,Shield Generators-L1-RPN175 (R),2139
419,Field Generators-L1-RPN176 (R),2139
420,WaveFront Generators-L1-RPN177 (R),2095
421,Deflector Screens-L1-RPN178 (R),2095
422,Backup Power Generators-L1-RPN179 (R),2917
423,Ion Blasters-L1-RPN180 (R),2917
424,Propulsion Blasters-L1-RPN181 (R),2917
425,Heat Blasters-L1-RPN182 (R),2917
426,Radiation Guns-L1-RPN183 (R),2917
427,Fuel Cells-L1-RPN184 (R),2552
428,Tanks-L1-RPN185 (R),2552
429,Escape Pods-L1-RPN186 (R),2552
430,Life Support Systems-L1-RPN187 (R),2552
431,Medical Utilities for Humans-L1-RPN188 (R),2552
432,Medical utilities for non-Humans-L1-RPN189 (R),3094
433,Ion-Engine-L1-RPN190 (R),2737
434,Booster Engines-L1-RPN191 (R),2795
435,FTL Engines-L1-RPN192 (R),6318
436,Thrusters-L1-RPN193 (R),6318
437,Hyper Drive-L1-RPN194 (R),6318
438,Warp Drive-L1-RPN195 (R),6318
439,Flux Capacitor-L1-RPN196 (R),5833
440,Kyber Capacitor (Black Market)-L1-RPN197 (R),5833
441,Nav Computer-L1-RPN198 (R),5833
442,Landing Gear-L1-RPN199 (R),5833
443,Artificial Gravity Generators-L1-RPN200 (R),7140
444,Cloaking Device (Black Market)-L1-RPN201 (R),7140
445,Shield Generators-L1-RPN202 (R),7291
446,Field Generators-L1-RPN203 (R),6665
447,WaveFront Generators-L1-RPN204 (R),6805
448,Deflector Screens-L1-RPN205 (R),6805
449,Backup Power Generators-L1-RPN206 (R),10710
450,Ion Blasters-L1-RPN207 (R),10936
451,Propulsion Blasters-L1-RPN208 (R),10710
452,Heat Blasters-L1-RPN209 (R),10710
453,Radiation Guns-L1-RPN210 (R),13090
454,Fuel Cells-L1-RPN211 (R),13090
455,Tanks-L1-RPN212 (R),13090
456,Escape Pods-L1-RPN213 (R),13090
457,Life Support Systems-L1-RPN214 (R),39746
458,Medical Utilities for Humans-L1-RPN215 (R),39746
459,Medical utilities for non-Humans-L1-RPN216 (R),39746
460,Ion-Engine-L1-RPN217 (R),39746
461,Booster Engines-L1-RPN218 (R),219
462,FTL Engines-L1-RPN219 (R),187
463,Thrusters-L1-RPN220 (R),415
464,Hyper Drive-L1-RPN221 (R),415
465,Warp Drive-L1-RPN222 (R),48857
466,Flux Capacitor-L1-RPN223 (R),48857
467,Kyber Capacitor (Black Market)-L1-RPN224 (R),52347
468,Nav Computer-L1-RPN225 (R),52347
469,Landing Gear-L1-RPN226 (R),73577
470,Artificial Gravity Generators-L1-RPN227 (R),73577
471,Cloaking Device (Black Market)-L1-RPN228 (R),77066
472,Shield Generators-L1-RPN229 (R),77066
473,Field Generators-L1-RPN230 (R),51183
474,WaveFront Generators-L1-RPN231 (R),51183
475,Deflector Screens-L1-RPN232 (R),54840
476,Backup Power Generators-L1-RPN233 (R),54840
477,Ion Blasters-L1-RPN234 (R),77081
478,Propulsion Blasters-L1-RPN235 (R),77081
479,Heat Blasters-L1-RPN236 (R),80737
480,Radiation Guns-L1-RPN237 (R),80737
481,Fuel Cells-L1-RPN238 (R),12476
482,Tanks-L1-RPN239 (R),12476
483,Escape Pods-L1-RPN240 (R),12476
484,Life Support Systems-L1-RPN241 (R),12476
485,Medical Utilities for Humans-L1-RPN242 (R),13071
486,Medical utilities for non-Humans-L1-RPN243 (R),13071
487,Ion-Engine-L1-RPN1 (R),13071
488,Booster Engines-L1-RPN2 (R),13071
489,FTL Engines-L1-RPN3 (R),13664
490,Thrusters-L1-RPN4 (R),13664
491,Hyper Drive-L1-RPN5 (R),13664
492,Warp Drive-L1-RPN6 (R),13664
493,Flux Capacitor-L1-RPN7 (R),14853
494,Kyber Capacitor (Black Market)-L1-RPN8 (R),14853
495,Nav Computer-L1-RPN9 (R),14853
496,Landing Gear-L1-RPN10 (R),14853
497,Artificial Gravity Generators-L1-RPN11 (R),14259
498,Cloaking Device (Black Market)-L1-RPN12 (R),14259
499,Shield Generators-L1-RPN13 (R),14259
500,Field Generators-L1-RPN14 (R),14259
501,Ion-Engine-L1-RPN1 (R),16257
502,Booster Engines-L1-RPN2 (R),16257
503,FTL Engines-L1-RPN3 (R),16257
504,Thrusters-L1-RPN4 (R),16257
505,Hyper Drive-L1-RPN5 (R),17031
506,Warp Drive-L1-RPN6 (R),17031
507,Flux Capacitor-L1-RPN7 (R),17031
508,Kyber Capacitor (Black Market)-L1-RPN8 (R),17031
509,Nav Computer-L1-RPN9 (R),17804
510,Landing Gear-L1-RPN10 (R),17804
511,Artificial Gravity Generators-L1-RPN11 (R),17804
512,Cloaking Device (Black Market)-L1-RPN12 (R),17804
513,Shield Generators-L1-RPN13 (R),19354
514,Field Generators-L1-RPN14 (R),19354
515,WaveFront Generators-L1-RPN15 (R),19354
516,Deflector Screens-L1-RPN16 (R),19354
517,Backup Power Generators-L1-RPN17 (R),18579
518,Ion Blasters-L1-RPN18 (R),18579
519,Propulsion Blasters-L1-RPN19 (R),18579
520,Heat Blasters-L1-RPN20 (R),18579
521,Radiation Guns-L1-RPN21 (R),12476
522,Fuel Cells-L1-RPN22 (R),12476
523,Tanks-L1-RPN23 (R),12476
524,Escape Pods-L1-RPN24 (R),12476
525,Life Support Systems-L1-RPN25 (R),13378
526,Medical Utilities for Humans-L1-RPN26 (R),13071
527,Medical utilities for non-Humans-L1-RPN27 (R),13071
528,Ion-Engine-L1-RPN28 (R),13071
529,Booster Engines-L1-RPN29 (R),13071
530,FTL Engines-L1-RPN30 (R),14015
531,Thrusters-L1-RPN31 (R),13664
532,Hyper Drive-L1-RPN32 (R),13664
533,Warp Drive-L1-RPN33 (R),13664
534,Flux Capacitor-L1-RPN34 (R),13664
535,Kyber Capacitor (Black Market)-L1-RPN35 (R),14652
536,Nav Computer-L1-RPN36 (R),14853
537,Landing Gear-L1-RPN37 (R),14853
538,Artificial Gravity Generators-L1-RPN38 (R),14853
539,Cloaking Device (Black Market)-L1-RPN39 (R),14853
540,Shield Generators-L1-RPN40 (R),15926
541,Field Generators-L1-RPN41 (R),14259
542,WaveFront Generators-L1-RPN42 (R),14259
543,Deflector Screens-L1-RPN43 (R),14259
544,Backup Power Generators-L1-RPN44 (R),14259
545,Ion Blasters-L1-RPN45 (R),15288
546,Propulsion Blasters-L1-RPN46 (R),16257
547,Heat Blasters-L1-RPN47 (R),16257
548,Radiation Guns-L1-RPN48 (R),16257
549,Fuel Cells-L1-RPN49 (R),16257
550,Tanks-L1-RPN50 (R),17594
551,Escape Pods-L1-RPN51 (R),17031
552,Life Support Systems-L1-RPN52 (R),17031
553,Medical Utilities for Humans-L1-RPN53 (R),17031
554,Medical utilities for non-Humans-L1-RPN54 (R),17031
555,Ion-Engine-L1-RPN55 (R),18433
556,Booster Engines-L1-RPN56 (R),17804
557,FTL Engines-L1-RPN57 (R),17804
558,Thrusters-L1-RPN58 (R),17804
559,Hyper Drive-L1-RPN59 (R),17804
560,Warp Drive-L1-RPN60 (R),19271
561,Flux Capacitor-L1-RPN61 (R),19354
562,Kyber Capacitor (Black Market)-L1-RPN62 (R),19354
563,Nav Computer-L1-RPN63 (R),19354
564,Landing Gear-L1-RPN64 (R),19354
565,Artificial Gravity Generators-L1-RPN65 (R),20946
566,Cloaking Device (Black Market)-L1-RPN66 (R),18579
567,Shield Generators-L1-RPN67 (R),18579
568,Field Generators-L1-RPN68 (R),18579
569,WaveFront Generators-L1-RPN69 (R),18579
570,Deflector Screens-L1-RPN70 (R),20107
571,Backup Power Generators-L1-RPN71 (R),5206
572,Ion Blasters-L1-RPN72 (R),5206
573,Propulsion Blasters-L1-RPN73 (R),5206
574,Heat Blasters-L1-RPN74 (R),5206
575,Radiation Guns-L1-RPN75 (R),5206
576,Fuel Cells-L1-RPN76 (R),5206
577,Tanks-L1-RPN77 (R),5454
578,Escape Pods-L1-RPN78 (R),5454
579,Life Support Systems-L1-RPN79 (R),5454
580,Medical Utilities for Humans-L1-RPN80 (R),5454
581,Medical utilities for non-Humans-L1-RPN81 (R),5454
582,Ion-Engine-L1-RPN82 (R),5454
583,Booster Engines-L1-RPN83 (R),5702
584,FTL Engines-L1-RPN84 (R),5702
585,Thrusters-L1-RPN85 (R),5702
586,Hyper Drive-L1-RPN86 (R),5702
587,Warp Drive-L1-RPN87 (R),5702
588,Flux Capacitor-L1-RPN88 (R),5702
589,Kyber Capacitor (Black Market)-L1-RPN89 (R),6198
590,Nav Computer-L1-RPN90 (R),6198
591,Landing Gear-L1-RPN91 (R),6198
592,Artificial Gravity Generators-L1-RPN92 (R),6198
593,Cloaking Device (Black Market)-L1-RPN93 (R),6198
594,Shield Generators-L1-RPN94 (R),6198
595,Field Generators-L1-RPN95 (R),5949
596,WaveFront Generators-L1-RPN96 (R),5949
597,Deflector Screens-L1-RPN97 (R),5949
598,Backup Power Generators-L1-RPN98 (R),5949
599,Ion Blasters-L1-RPN99 (R),5949
600,Propulsion Blasters-L1-RPN100 (R),5949
601,Heat Blasters-L1-RPN101 (R),6688
602,Radiation Guns-L1-RPN102 (R),6688
603,Fuel Cells-L1-RPN103 (R),6688
604,Tanks-L1-RPN104 (R),6688
605,Escape Pods-L1-RPN105 (R),6688
606,Life Support Systems-L1-RPN106 (R),6688
607,Medical Utilities for Humans-L1-RPN107 (R),7007
608,Medical utilities for non-Humans-L1-RPN108 (R),7007
609,Ion-Engine-L1-RPN109 (R),7007
610,Booster Engines-L1-RPN110 (R),7007
611,FTL Engines-L1-RPN111 (R),7007
612,Thrusters-L1-RPN112 (R),7007
613,Hyper Drive-L1-RPN113 (R),7326
614,Warp Drive-L1-RPN114 (R),7326
615,Flux Capacitor-L1-RPN115 (R),7326
616,Kyber Capacitor (Black Market)-L1-RPN116 (R),7326
617,Nav Computer-L1-RPN117 (R),7326
618,Landing Gear-L1-RPN118 (R),7326
619,Artificial Gravity Generators-L1-RPN119 (R),7962
620,Cloaking Device (Black Market)-L1-RPN120 (R),7962
621,Shield Generators-L1-RPN121 (R),7962
622,Field Generators-L1-RPN122 (R),7962
623,WaveFront Generators-L1-RPN123 (R),7962
624,Deflector Screens-L1-RPN124 (R),7962
625,Backup Power Generators-L1-RPN125 (R),7644
626,Ion Blasters-L1-RPN126 (R),7644
627,Propulsion Blasters-L1-RPN127 (R),7644
628,Heat Blasters-L1-RPN128 (R),7644
629,Radiation Guns-L1-RPN129 (R),7644
630,Fuel Cells-L1-RPN130 (R),7644
631,Tanks-L1-RPN131 (R),4072
632,Escape Pods-L1-RPN132 (R),4072
633,Life Support Systems-L1-RPN133 (R),4072
634,Medical Utilities for Humans-L1-RPN134 (R),4072
635,Medical utilities for non-Humans-L1-RPN135 (R),4072
636,Ion-Engine-L1-RPN136 (R),4072
637,Booster Engines-L1-RPN137 (R),4072
638,FTL Engines-L1-RPN138 (R),4072
639,Thrusters-L1-RPN139 (R),4072
640,Hyper Drive-L1-RPN140 (R),4072
641,Warp Drive-L1-RPN141 (R),4265
642,Flux Capacitor-L1-RPN142 (R),4265
643,Kyber Capacitor (Black Market)-L1-RPN143 (R),4265
644,Nav Computer-L1-RPN144 (R),4265
645,Landing Gear-L1-RPN145 (R),4265
646,Artificial Gravity Generators-L1-RPN146 (R),4265
647,Cloaking Device (Black Market)-L1-RPN147 (R),4265
648,Shield Generators-L1-RPN148 (R),4265
649,Field Generators-L1-RPN149 (R),4265
650,WaveFront Generators-L1-RPN150 (R),4265
651,Deflector Screens-L1-RPN151 (R),4460
652,Backup Power Generators-L1-RPN152 (R),4460
653,Ion Blasters-L1-RPN153 (R),4460
654,Propulsion Blasters-L1-RPN154 (R),4460
655,Heat Blasters-L1-RPN155 (R),4460
656,Radiation Guns-L1-RPN156 (R),4460
657,Fuel Cells-L1-RPN157 (R),4460
658,Tanks-L1-RPN158 (R),4460
659,Escape Pods-L1-RPN159 (R),4460
660,Life Support Systems-L1-RPN160 (R),4460
661,Medical Utilities for Humans-L1-RPN161 (R),4846
662,Medical utilities for non-Humans-L1-RPN162 (R),4846
663,Ion-Engine-L1-RPN163 (R),4846
664,Booster Engines-L1-RPN164 (R),4846
665,FTL Engines-L1-RPN165 (R),4846
666,Thrusters-L1-RPN166 (R),4846
667,Hyper Drive-L1-RPN167 (R),4846
668,Warp Drive-L1-RPN168 (R),4846
669,Flux Capacitor-L1-RPN169 (R),4846
670,Kyber Capacitor (Black Market)-L1-RPN170 (R),4846
671,Nav Computer-L1-RPN171 (R),4653
672,Landing Gear-L1-RPN172 (R),4653
673,Artificial Gravity Generators-L1-RPN173 (R),4653
674,Cloaking Device (Black Market)-L1-RPN174 (R),4653
675,Shield Generators-L1-RPN175 (R),4653
676,Field Generators-L1-RPN176 (R),4653
677,WaveFront Generators-L1-RPN177 (R),4653
678,Deflector Screens-L1-RPN178 (R),4653
679,Backup Power Generators-L1-RPN179 (R),4653
680,Ion Blasters-L1-RPN180 (R),4653
681,Propulsion Blasters-L1-RPN181 (R),5293
682,Heat Blasters-L1-RPN182 (R),5293
683,Radiation Guns-L1-RPN183 (R),5293
684,Fuel Cells-L1-RPN184 (R),5293
685,Tanks-L1-RPN185 (R),5293
686,Escape Pods-L1-RPN186 (R),5293
687,Life Support Systems-L1-RPN187 (R),5293
688,Medical Utilities for Humans-L1-RPN188 (R),5293
689,Medical utilities for non-Humans-L1-RPN189 (R),5293
690,Ion-Engine-L1-RPN190 (R),5293
691,Booster Engines-L1-RPN191 (R),5545
692,FTL Engines-L1-RPN192 (R),5545
693,Thrusters-L1-RPN193 (R),5545
694,Hyper Drive-L1-RPN194 (R),5545
695,Warp Drive-L1-RPN195 (R),5545
696,Flux Capacitor-L1-RPN196 (R),5545
697,Kyber Capacitor (Black Market)-L1-RPN197 (R),5545
698,Nav Computer-L1-RPN198 (R),5545
699,Landing Gear-L1-RPN199 (R),5545
700,Artificial Gravity Generators-L1-RPN200 (R),5545
701,Cloaking Device (Black Market)-L1-RPN201 (R),5797
702,Shield Generators-L1-RPN202 (R),5797
703,Field Generators-L1-RPN203 (R),5797
704,WaveFront Generators-L1-RPN204 (R),5797
705,Deflector Screens-L1-RPN205 (R),5797
706,Backup Power Generators-L1-RPN206 (R),5797
707,Ion Blasters-L1-RPN207 (R),5797
708,Propulsion Blasters-L1-RPN208 (R),5797
709,Heat Blasters-L1-RPN209 (R),5797
710,Radiation Guns-L1-RPN210 (R),5797
711,Fuel Cells-L1-RPN211 (R),6301
712,Tanks-L1-RPN212 (R),6301
713,Escape Pods-L1-RPN213 (R),6301
714,Life Support Systems-L1-RPN214 (R),6301
715,Medical Utilities for Humans-L1-RPN215 (R),6301
716,Medical utilities for non-Humans-L1-RPN216 (R),6301
717,Ion-Engine-L1-RPN217 (R),6301
718,Booster Engines-L1-RPN218 (R),6301
719,FTL Engines-L1-RPN219 (R),6301
720,Thrusters-L1-RPN220 (R),6301
721,Hyper Drive-L1-RPN221 (R),6049
722,Warp Drive-L1-RPN222 (R),6049
723,Flux Capacitor-L1-RPN223 (R),6049
724,Kyber Capacitor (Black Market)-L1-RPN224 (R),6049
725,Nav Computer-L1-RPN225 (R),6049
726,Landing Gear-L1-RPN226 (R),6049
727,Artificial Gravity Generators-L1-RPN227 (R),6049
728,Cloaking Device (Black Market)-L1-RPN228 (R),6049
729,Shield Generators-L1-RPN229 (R),6049
730,Field Generators-L1-RPN230 (R),6049
731,WaveFront Generators-L1-RPN231 (R),28791
732,Deflector Screens-L1-RPN232 (R),28791
733,Backup Power Generators-L1-RPN233 (R),28791
734,Ion Blasters-L1-RPN234 (R),28791
735,Propulsion Blasters-L1-RPN235 (R),30162
736,Heat Blasters-L1-RPN236 (R),30162
737,Radiation Guns-L1-RPN237 (R),30162
738,Fuel Cells-L1-RPN238 (R),30162
739,Tanks-L1-RPN239 (R),31534
740,Escape Pods-L1-RPN240 (R),31534
741,Life Support Systems-L1-RPN241 (R),31534
742,Medical Utilities for Humans-L1-RPN242 (R),31534
743,Medical utilities for non-Humans-L1-RPN243 (R),34275
744,Ion-Engine-L1-RPN1 (R),34275
745,Booster Engines-L1-RPN2 (R),34275
746,FTL Engines-L1-RPN3 (R),34275
747,Thrusters-L1-RPN4 (R),32904
748,Hyper Drive-L1-RPN5 (R),32904
749,Warp Drive-L1-RPN6 (R),32904
750,Flux Capacitor-L1-RPN7 (R),32904
751,Kyber Capacitor (Black Market)-L1-RPN8 (R),38039
752,Nav Computer-L1-RPN9 (R),38039
753,Landing Gear-L1-RPN10 (R),38039
754,Artificial Gravity Generators-L1-RPN11 (R),38039
755,Cloaking Device (Black Market)-L1-RPN12 (R),39851
756,Shield Generators-L1-RPN13 (R),39851
757,Field Generators-L1-RPN14 (R),39851
758,WaveFront Generators-L1-RPN15 (R),39851
759,Deflector Screens-L1-RPN16 (R),41662
760,Backup Power Generators-L1-RPN17 (R),41662
761,Ion Blasters-L1-RPN18 (R),41662
762,Propulsion Blasters-L1-RPN19 (R),41662
763,Heat Blasters-L1-RPN20 (R),45284
764,Radiation Guns-L1-RPN21 (R),45284
765,Fuel Cells-L1-RPN22 (R),45284
766,Tanks-L1-RPN23 (R),45284
767,Escape Pods-L1-RPN24 (R),43474
768,Life Support Systems-L1-RPN25 (R),43474
769,Medical Utilities for Humans-L1-RPN26 (R),43474
770,Medical utilities for non-Humans-L1-RPN27 (R),43474
771,Ion-Engine-L1-RPN28 (R),43041
772,Booster Engines-L1-RPN29 (R),43041
773,FTL Engines-L1-RPN30 (R),43041
774,Thrusters-L1-RPN31 (R),43041
775,Hyper Drive-L1-RPN32 (R),55546
776,Warp Drive-L1-RPN33 (R),55546
777,Flux Capacitor-L1-RPN34 (R),55546
778,Kyber Capacitor (Black Market)-L1-RPN35 (R),55546
779,Nav Computer-L1-RPN36 (R),47140
780,Landing Gear-L1-RPN37 (R),47140
781,Artificial Gravity Generators-L1-RPN38 (R),47140
782,Cloaking Device (Black Market)-L1-RPN39 (R),47140
783,Shield Generators-L1-RPN40 (R),60836
784,Field Generators-L1-RPN41 (R),60836
785,WaveFront Generators-L1-RPN42 (R),60836
786,Deflector Screens-L1-RPN43 (R),60836
787,Backup Power Generators-L1-RPN44 (R),45092
788,Ion Blasters-L1-RPN45 (R),45092
789,Propulsion Blasters-L1-RPN46 (R),45092
790,Heat Blasters-L1-RPN47 (R),45092
791,Radiation Guns-L1-RPN48 (R),58192
792,Fuel Cells-L1-RPN49 (R),58192
793,Tanks-L1-RPN50 (R),58192
794,Escape Pods-L1-RPN51 (R),58192
795,Life Support Systems-L1-RPN52 (R),16341
796,Medical Utilities for Humans-L1-RPN53 (R),16341
797,Medical utilities for non-Humans-L1-RPN54 (R),20551
798,Ion-Engine-L1-RPN55 (R),20551
799,Booster Engines-L1-RPN56 (R),17158
800,FTL Engines-L1-RPN57 (R),17158
801,Thrusters-L1-RPN58 (R),21579
802,Hyper Drive-L1-RPN59 (R),21579
803,Warp Drive-L1-RPN60 (R),18793
804,Flux Capacitor-L1-RPN61 (R),18793
805,Kyber Capacitor (Black Market)-L1-RPN62 (R),23634
806,Nav Computer-L1-RPN63 (R),23634
807,Landing Gear-L1-RPN64 (R),17976
808,Artificial Gravity Generators-L1-RPN65 (R),17976
809,Cloaking Device (Black Market)-L1-RPN66 (R),22606
810,Shield Generators-L1-RPN67 (R),22606
811,Field Generators-L1-RPN68 (R),19609
812,WaveFront Generators-L1-RPN69 (R),19609
813,Deflector Screens-L1-RPN70 (R),24662
814,Backup Power Generators-L1-RPN71 (R),24662
815,Ion Blasters-L1-RPN72 (R),16341
816,Propulsion Blasters-L1-RPN73 (R),16341
817,Heat Blasters-L1-RPN74 (R),16895
818,Radiation Guns-L1-RPN75 (R),20551
819,Fuel Cells-L1-RPN76 (R),20551
820,Tanks-L1-RPN77 (R),21326
821,Escape Pods-L1-RPN78 (R),17158
822,Life Support Systems-L1-RPN79 (R),17158
823,Medical Utilities for Humans-L1-RPN80 (R),17740
824,Medical utilities for non-Humans-L1-RPN81 (R),21579
825,Ion-Engine-L1-RPN82 (R),21579
826,Booster Engines-L1-RPN83 (R),22393
827,FTL Engines-L1-RPN84 (R),18793
828,Thrusters-L1-RPN85 (R),18793
829,Hyper Drive-L1-RPN86 (R),19429
830,Warp Drive-L1-RPN87 (R),23634
831,Flux Capacitor-L1-RPN88 (R),23634
832,Kyber Capacitor (Black Market)-L1-RPN89 (R),24525
833,Nav Computer-L1-RPN90 (R),17976
834,Landing Gear-L1-RPN91 (R),17976
835,Artificial Gravity Generators-L1-RPN92 (R),18585
836,Cloaking Device (Black Market)-L1-RPN93 (R),22606
837,Shield Generators-L1-RPN94 (R),22606
838,Field Generators-L1-RPN95 (R),23460
839,WaveFront Generators-L1-RPN96 (R),19609
840,Deflector Screens-L1-RPN97 (R),19609
841,Backup Power Generators-L1-RPN98 (R),20274
842,Ion Blasters-L1-RPN99 (R),24662
843,Propulsion Blasters-L1-RPN100 (R),24662
844,Heat Blasters-L1-RPN101 (R),25592
845,Radiation Guns-L1-RPN102 (R),8725
846,Fuel Cells-L1-RPN103 (R),8725
847,Tanks-L1-RPN104 (R),8725
848,Escape Pods-L1-RPN105 (R),8725
849,Life Support Systems-L1-RPN106 (R),8725
850,Medical Utilities for Humans-L1-RPN107 (R),10386
851,Medical utilities for non-Humans-L1-RPN108 (R),10386
852,Ion-Engine-L1-RPN109 (R),10386
853,Booster Engines-L1-RPN110 (R),10386
854,FTL Engines-L1-RPN111 (R),10386
855,Thrusters-L1-RPN112 (R),9160
856,Hyper Drive-L1-RPN113 (R),9160
857,Warp Drive-L1-RPN114 (R),9160
858,Flux Capacitor-L1-RPN115 (R),9160
859,Kyber Capacitor (Black Market)-L1-RPN116 (R),9160
860,Nav Computer-L1-RPN117 (R),10905
861,Landing Gear-L1-RPN118 (R),10905
862,Artificial Gravity Generators-L1-RPN119 (R),10905
863,Cloaking Device (Black Market)-L1-RPN120 (R),10905
864,Shield Generators-L1-RPN121 (R),10905
865,Field Generators-L1-RPN122 (R),10033
866,WaveFront Generators-L1-RPN123 (R),10033
867,Deflector Screens-L1-RPN124 (R),10033
868,Backup Power Generators-L1-RPN125 (R),10033
869,Ion Blasters-L1-RPN126 (R),10033
870,Propulsion Blasters-L1-RPN127 (R),11944
871,Heat Blasters-L1-RPN128 (R),11944
872,Radiation Guns-L1-RPN129 (R),11944
873,Fuel Cells-L1-RPN130 (R),11944
874,Tanks-L1-RPN131 (R),11944
875,Escape Pods-L1-RPN132 (R),9597
876,Life Support Systems-L1-RPN133 (R),9597
877,Medical Utilities for Humans-L1-RPN134 (R),9597
878,Medical utilities for non-Humans-L1-RPN135 (R),9597
879,Ion-Engine-L1-RPN136 (R),9597
880,Booster Engines-L1-RPN137 (R),11424
881,FTL Engines-L1-RPN138 (R),11424
882,Thrusters-L1-RPN139 (R),11424
883,Hyper Drive-L1-RPN140 (R),11424
884,Warp Drive-L1-RPN141 (R),11424
885,Flux Capacitor-L1-RPN142 (R),10469
886,Kyber Capacitor (Black Market)-L1-RPN143 (R),10469
887,Nav Computer-L1-RPN144 (R),10469
888,Landing Gear-L1-RPN145 (R),10469
889,Artificial Gravity Generators-L1-RPN146 (R),10469
890,Cloaking Device (Black Market)-L1-RPN147 (R),12463
891,Shield Generators-L1-RPN148 (R),12463
892,Field Generators-L1-RPN149 (R),12463
893,WaveFront Generators-L1-RPN150 (R),12463
894,Deflector Screens-L1-RPN151 (R),12463
895,Backup Power Generators-L1-RPN152 (R),32488
896,Ion Blasters-L1-RPN153 (R),32488
897,Propulsion Blasters-L1-RPN154 (R),41186
898,Heat Blasters-L1-RPN155 (R),41186
899,Radiation Guns-L1-RPN156 (R),34114
900,Fuel Cells-L1-RPN157 (R),34114
901,Tanks-L1-RPN158 (R),43244
902,Escape Pods-L1-RPN159 (R),43244
903,Life Support Systems-L1-RPN160 (R),37361
904,Medical Utilities for Humans-L1-RPN161 (R),37361
905,Medical utilities for non-Humans-L1-RPN162 (R),47364
906,Ion-Engine-L1-RPN163 (R),47364
907,Booster Engines-L1-RPN164 (R),35738
908,FTL Engines-L1-RPN165 (R),35738
909,Thrusters-L1-RPN166 (R),45304
910,Hyper Drive-L1-RPN167 (R),45304
911,Warp Drive-L1-RPN168 (R),38986
912,Flux Capacitor-L1-RPN169 (R),38986
913,Kyber Capacitor (Black Market)-L1-RPN170 (R),49422
914,Nav Computer-L1-RPN171 (R),49422
915,Landing Gear-L1-RPN172 (R),214
916,Artificial Gravity Generators-L1-RPN173 (R),289
917,Cloaking Device (Black Market)-L1-RPN174 (R),214
918,Shield Generators-L1-RPN175 (R),214
919,Field Generators-L1-RPN176 (R),214
920,WaveFront Generators-L1-RPN177 (R),289
921,Deflector Screens-L1-RPN178 (R),289
922,Backup Power Generators-L1-RPN179 (R),289
923,Ion Blasters-L1-RPN180 (R),289
924,Propulsion Blasters-L1-RPN181 (R),289
925,Heat Blasters-L1-RPN182 (R),289
926,Radiation Guns-L1-RPN183 (R),360
927,Fuel Cells-L1-RPN184 (R),360
928,Tanks-L1-RPN185 (R),360
929,Escape Pods-L1-RPN186 (R),360
930,Life Support Systems-L1-RPN187 (R),360
931,Medical Utilities for Humans-L1-RPN188 (R),360
932,Medical utilities for non-Humans-L1-RPN189 (R),360
933,Ion-Engine-L1-RPN190 (R),360
934,Booster Engines-L1-RPN191 (R),360
935,FTL Engines-L1-RPN192 (R),519
936,Thrusters-L1-RPN193 (R),519
937,Hyper Drive-L1-RPN194 (R),519
938,Warp Drive-L1-RPN195 (R),519
939,Flux Capacitor-L1-RPN196 (R),503
940,Kyber Capacitor (Black Market)-L1-RPN197 (R),503
941,Nav Computer-L1-RPN198 (R),479
942,Landing Gear-L1-RPN199 (R),214
943,Artificial Gravity Generators-L1-RPN200 (R),289
944,Cloaking Device (Black Market)-L1-RPN201 (R),360
945,Shield Generators-L1-RPN202 (R),519
946,Field Generators-L1-RPN203 (R),360
947,WaveFront Generators-L1-RPN204 (R),432
948,Deflector Screens-L1-RPN205 (R),286
949,Backup Power Generators-L1-RPN206 (R),360
950,Ion Blasters-L1-RPN207 (R),503
951,Propulsion Blasters-L1-RPN208 (R),289
952,Heat Blasters-L1-RPN209 (R),1322
953,Radiation Guns-L1-RPN210 (R),1631
954,Fuel Cells-L1-RPN211 (R),1005
955,Tanks-L1-RPN212 (R),1322
956,Escape Pods-L1-RPN213 (R),1322
957,Life Support Systems-L1-RPN214 (R),1632
958,Medical Utilities for Humans-L1-RPN215 (R),1632
959,Medical utilities for non-Humans-L1-RPN216 (R),1632
960,Ion-Engine-L1-RPN217 (R),1006
961,Booster Engines-L1-RPN218 (R),1322
962,FTL Engines-L1-RPN219 (R),1006
963,Thrusters-L1-RPN220 (R),1631
964,Hyper Drive-L1-RPN221 (R),1006
965,Warp Drive-L1-RPN222 (R),1322
966,Flux Capacitor-L1-RPN223 (R),3820
967,Kyber Capacitor (Black Market)-L1-RPN224 (R),749
968,Nav Computer-L1-RPN225 (R),749
969,Landing Gear-L1-RPN226 (R),749
970,Artificial Gravity Generators-L1-RPN227 (R),1018
971,Cloaking Device (Black Market)-L1-RPN228 (R),300
972,Shield Generators-L1-RPN229 (R),298
973,Field Generators-L1-RPN230 (R),300
974,WaveFront Generators-L1-RPN231 (R),331
975,Deflector Screens-L1-RPN232 (R),308
976,Backup Power Generators-L1-RPN233 (R),300
977,Ion Blasters-L1-RPN234 (R),298
978,Propulsion Blasters-L1-RPN235 (R),300
979,Heat Blasters-L1-RPN236 (R),308
980,Radiation Guns-L1-RPN237 (R),300
981,Fuel Cells-L1-RPN238 (R),298
982,Tanks-L1-RPN239 (R),300
983,Escape Pods-L1-RPN240 (R),308
984,Life Support Systems-L1-RPN241 (R),300
985,Medical Utilities for Humans-L1-RPN242 (R),298
986,Medical utilities for non-Humans-L1-RPN243 (R),548
987,Ion-Engine-L1-RPN1 (R),300
988,Booster Engines-L1-RPN2 (R),308
989,FTL Engines-L1-RPN3 (R),300
990,Thrusters-L1-RPN4 (R),548
991,Hyper Drive-L1-RPN5 (R),300
992,Warp Drive-L1-RPN6 (R),308
993,Flux Capacitor-L1-RPN7 (R),356
994,Kyber Capacitor (Black Market)-L1-RPN8 (R),356
995,Nav Computer-L1-RPN9 (R),300
996,Landing Gear-L1-RPN10 (R),298
997,Artificial Gravity Generators-L1-RPN11 (R),356
998,Cloaking Device (Black Market)-L1-RPN12 (R),382
999,Shield Generators-L1-RPN13 (R),300
1000,Field Generators-L1-RPN14 (R),298
